,bq_sector_name,bq_business_code,bq_id,bq_company_address1_state,bq_public_indicator
0,"Professional, Scientific, and Technical Services",541110,777704001,NJ,0
1,Retail Trade,447100,699258395,CA,0
2,"Professional, Scientific, and Technical Services",541330,298415539,TN,0
3,Health Care and Social Assistance,621399,312414242,PR,0
4,Construction,238900,289867643,FL,0
5,Information,517000,204048886,OH,0
6,Construction,238220,457397418,GA,0
7,Construction,238900,777141037,KY,0
8,Finance and Insurance,522110,758186446,WI,0
9,"Professional, Scientific, and Technical Services",541940,717493456,DE,0
10,Retail Trade,444110,696377832,MA,0
11,Health Care and Social Assistance,621210,763725198,FL,0
12,"Arts, Entertainment, and Recreation",713900,946786282,VA,0
13,Health Care and Social Assistance,621610,170405547,TN,0
14,"Professional, Scientific, and Technical Services",541990,439877883,CA,0
15,Construction,237990,592506525,MA,0
16,"Professional, Scientific, and Technical Services",541310,963420993,MD,0
17,"Professional, Scientific, and Technical Services",541110,881950131,HI,0
18,"Professional, Scientific, and Technical Services",541330,151189101,GA,0
19,Retail Trade,441300,808078392,LA,0
20,"Professional, Scientific, and Technical Services",541400,667020111,TX,0
21,Health Care and Social Assistance,621111,381588476,MI,0
22,Manufacturing,332300,913230646,NC,0
23,Other Services,811120,177999836,PA,0
24,Health Care and Social Assistance,621210,522812649,VA,0
25,"Professional, Scientific, and Technical Services",541110,179720535,AR,0
26,Retail Trade,447100,417637656,CA,0
27,Other Services,813000,140197469,IN,0
28,Manufacturing,334410,794887610,VA,0
29,"Professional, Scientific, and Technical Services",541110,746769516,NY,0
30,Construction,236200,895876907,MI,0
31,Real Estate and Rental and Leasing,531120,448017587,FL,0
32,"Professional, Scientific, and Technical Services",541512,121471161,CO,0
33,Construction,236200,181075192,TX,0
34,Manufacturing,325500,134784637,IL,0
35,Educational Services,611000,719046598,VA,0
36,Retail Trade,444190,699629970,ME,0
37,Health Care and Social Assistance,621111,680868009,LA,0
38,"Professional, Scientific, and Technical Services",541600,955633628,DC,0
39,Other Services,812990,268948748,NC,0
40,"Professional, Scientific, and Technical Services",541110,770005027,PA,0
41,Health Care and Social Assistance,621210,232622751,CO,0
42,Construction,238220,482233025,OH,0
43,Health Care and Social Assistance,621111,712798546,OH,0
44,"Professional, Scientific, and Technical Services",541519,824955551,TN,0
45,Construction,238300,348452112,CO,0
46,Health Care and Social Assistance,621111,199012758,IL,0
47,Administrative and Support and Waste Management and Remediation Services,561110,522271769,TX,0
48,Health Care and Social Assistance,623000,611156484,MA,0
49,Health Care and Social Assistance,621210,726732818,MT,0
50,Other Services,812990,825132059,AZ,0
51,Manufacturing,315210,415306270,TX,0
52,Other Services,812990,414991748,GA,0
53,Wholesale  Trade,424990,141458397,MN,0
54,Health Care and Social Assistance,621111,602085766,ID,0
55,"Agriculture, Forestry, Fishing and Hunting",111100,532866766,SD,0
56,Health Care and Social Assistance,621111,898197832,NY,0
57,Other Services,811310,342657055,CT,0
58,Administrative and Support and Waste Management and Remediation Services,561900,553119939,TX,0
59,Other Services,812990,764427841,NY,0
60,Health Care and Social Assistance,621111,610569736,NV,0
61,Retail Trade,444200,744507171,FL,0
62,Retail Trade,454110,942654821,CA,0
63,Health Care and Social Assistance,621210,538439890,UT,0
64,Educational Services,611000,687862383,AZ,0
65,"Professional, Scientific, and Technical Services",541990,766923446,FL,0
66,Educational Services,611000,784477676,NJ,0
67,Retail Trade,445299,691437260,MN,0
68,Manufacturing,333410,359341584,NY,0
69,Retail Trade,454390,188197875,NV,0
70,Information,515100,208170190,CA,0
71,Construction,238900,167090804,NC,0
72,Manufacturing,335100,759066245,NJ,0
73,Administrative and Support and Waste Management and Remediation Services,561300,229621475,NY,0
74,Health Care and Social Assistance,621210,265382189,MT,0
75,Finance and Insurance,523900,798232515,FL,0
76,Other Services,811110,962207074,CA,0
77,"Professional, Scientific, and Technical Services",541990,305470808,VA,0
78,"Professional, Scientific, and Technical Services",541211,358906751,MI,0
79,Construction,238900,702874628,NJ,0
80,Other Services,811410,535776814,NC,0
81,"Professional, Scientific, and Technical Services",541600,336803344,OR,0
82,Finance and Insurance,524210,413409783,CA,0
83,Manufacturing,312120,973446989,IL,0
84,Wholesale  Trade,425120,197817521,CA,0
85,Real Estate and Rental and Leasing,531390,750356861,OR,0
86,"Professional, Scientific, and Technical Services",541600,338419054,LA,0
87,Retail Trade,448190,738317140,NY,0
88,Transportation and Warehousing,485990,151012540,AZ,0
89,"Professional, Scientific, and Technical Services",541519,916109183,NC,0
90,Health Care and Social Assistance,622000,890656173,TX,0
91,Health Care and Social Assistance,624100,887259670,UT,0
92,Health Care and Social Assistance,621210,303373866,NH,0
93,"Professional, Scientific, and Technical Services",541110,699708130,CA,0
94,Health Care and Social Assistance,621111,573415645,CA,0
95,Administrative and Support and Waste Management and Remediation Services,561790,385178217,SC,0
96,Finance and Insurance,524210,804245994,OH,0
97,"Professional, Scientific, and Technical Services",541600,922884763,MD,0
98,"Professional, Scientific, and Technical Services",541110,411602453,IL,0
99,Administrative and Support and Waste Management and Remediation Services,561110,545302830,MI,0
100,Health Care and Social Assistance,621112,732115969,TX,0
101,Health Care and Social Assistance,621111,248172828,UT,0
102,"Professional, Scientific, and Technical Services",541990,228997653,CA,0
103,Accommodation and Food Services,722511,372269427,TX,0
104,"Professional, Scientific, and Technical Services",541990,441173436,WA,0
105,Retail Trade,447100,729191668,TX,0
106,Health Care and Social Assistance,621210,278958704,WI,0
107,"Arts, Entertainment, and Recreation",711410,346492295,NY,0
108,Retail Trade,453210,411790276,FL,0
109,Manufacturing,323100,627121038,CA,0
110,"Professional, Scientific, and Technical Services",541990,417009996,NY,0
111,"Professional, Scientific, and Technical Services",541110,733827953,MD,0
112,"Professional, Scientific, and Technical Services",541990,690464714,NC,0
113,"Professional, Scientific, and Technical Services",541990,658127133,NY,0
114,"Professional, Scientific, and Technical Services",541512,647392485,CT,0
115,"Professional, Scientific, and Technical Services",541400,732789691,NY,0
116,"Agriculture, Forestry, Fishing and Hunting",115110,673622628,CA,0
117,Finance and Insurance,522292,436762896,AL,0
118,Transportation and Warehousing,488300,388223344,NJ,0
119,"Agriculture, Forestry, Fishing and Hunting",114110,705951424,FL,0
120,Health Care and Social Assistance,621210,744497799,IL,0
121,Health Care and Social Assistance,621610,269741485,IL,0
122,"Professional, Scientific, and Technical Services",541511,743048080,MA,0
123,Health Care and Social Assistance,621210,723328203,WI,0
124,Manufacturing,327300,544984789,FL,0
125,Health Care and Social Assistance,621111,741877503,SC,0
126,Information,519100,256672806,CA,0
127,Construction,236200,736118510,RI,0
128,Real Estate and Rental and Leasing,531310,279413406,DE,0
129,Wholesale  Trade,423700,772457517,WA,0
130,"Professional, Scientific, and Technical Services",541600,379521874,AZ,0
131,Educational Services,611000,528479175,NC,0
132,Other Services,813000,914451696,PA,0
133,Finance and Insurance,523900,238768165,NJ,0
134,Health Care and Social Assistance,621340,103356082,PA,0
135,"Professional, Scientific, and Technical Services",541800,908952550,CO,0
136,"Arts, Entertainment, and Recreation",711510,500722622,DC,0
137,Administrative and Support and Waste Management and Remediation Services,561710,618930627,OH,0
138,"Professional, Scientific, and Technical Services",541519,261035384,PA,0
139,Utilities,221100,251316674,TX,0
140,Health Care and Social Assistance,621210,115006680,NV,0
141,Accommodation and Food Services,722511,219784256,WA,0
142,Educational Services,611000,660986022,IL,0
143,Health Care and Social Assistance,621610,333389492,CA,0
144,Other Services,813000,603122077,CT,0
145,Health Care and Social Assistance,621320,753998205,HI,0
146,Educational Services,611000,320046644,GA,0
147,"Professional, Scientific, and Technical Services",541330,772310825,MA,0
148,"Professional, Scientific, and Technical Services",541330,252414952,LA,0
149,Health Care and Social Assistance,621111,364627935,MA,0
150,"Professional, Scientific, and Technical Services",541211,670395370,GA,0
151,Finance and Insurance,524210,745204690,NE,0
152,"Professional, Scientific, and Technical Services",541990,812261357,CA,0
153,Transportation and Warehousing,484120,395943782,ID,0
154,Real Estate and Rental and Leasing,532100,687206463,TX,0
155,Finance and Insurance,522300,959304668,TX,0
156,"Arts, Entertainment, and Recreation",711510,720589681,CA,0
157,Real Estate and Rental and Leasing,531390,552133565,MA,0
158,Construction,238100,906354602,WV,0
159,Transportation and Warehousing,488300,800127036,PA,0
160,"Professional, Scientific, and Technical Services",541190,291964162,IL,0
161,Health Care and Social Assistance,621210,682902971,CA,0
162,"Professional, Scientific, and Technical Services",541211,159289399,NJ,0
163,"Professional, Scientific, and Technical Services",541512,644594889,OK,0
164,"Professional, Scientific, and Technical Services",541990,637242808,GA,0
165,Information,512100,878473043,CA,0
166,Manufacturing,311900,396162362,CA,0
167,Wholesale  Trade,424990,986530790,CO,0
168,Manufacturing,323100,959282495,MI,0
169,Health Care and Social Assistance,621111,250028228,OH,0
170,"Professional, Scientific, and Technical Services",541519,709107799,WV,0
171,Construction,237210,466084041,MD,0
172,"Professional, Scientific, and Technical Services",541519,819944275,CA,0
173,Administrative and Support and Waste Management and Remediation Services,561900,578616745,CA,0
174,Construction,238900,826534027,CA,0
175,Other Services,811310,129611278,FL,0
176,Health Care and Social Assistance,621210,557257729,CA,0
177,Construction,236200,522647560,MD,0
178,Other Services,812990,292764141,FL,0
179,Other Services,813000,775911188,SC,0
180,Finance and Insurance,524210,306705276,NY,0
181,"Professional, Scientific, and Technical Services",541320,429987045,GA,0
182,Health Care and Social Assistance,621399,416446119,TX,0
183,Real Estate and Rental and Leasing,531310,967908505,MO,0
184,Construction,236110,555713619,NM,0
185,Retail Trade,441110,221786098,CA,0
186,Administrative and Support and Waste Management and Remediation Services,561720,137048279,OR,0
187,"Agriculture, Forestry, Fishing and Hunting",115110,971012806,MN,0
188,"Professional, Scientific, and Technical Services",541990,967711415,CO,0
189,Real Estate and Rental and Leasing,531210,805547531,FL,0
190,Accommodation and Food Services,722513,884310660,OR,0
191,Information,519100,201411270,AZ,0
192,Manufacturing,325900,870891899,FL,0
193,Finance and Insurance,525100,869393224,CA,0
194,Health Care and Social Assistance,621111,549346300,TX,0
195,Real Estate and Rental and Leasing,531310,676777327,UT,0
196,"Professional, Scientific, and Technical Services",541110,235645229,IN,0
197,Manufacturing,327300,134931390,GA,0
198,"Professional, Scientific, and Technical Services",541512,868983727,VA,0
199,"Professional, Scientific, and Technical Services",541360,647482692,TX,0
200,Information,519100,898738917,CA,0
201,"Professional, Scientific, and Technical Services",541990,546329151,PR,0
202,Other Services,812990,968942144,CA,0
203,Health Care and Social Assistance,621111,862526930,OR,0
204,Retail Trade,447100,807700937,CA,0
205,Management of Companies (Holding Companies),551112,878402812,MI,0
206,Manufacturing,323100,120024413,CA,0
207,Other Services,811190,134815519,TX,0
208,Other Services,812990,996769295,GA,0
209,"Professional, Scientific, and Technical Services",541330,534468780,OR,0
210,Health Care and Social Assistance,621111,991229082,HI,0
211,"Professional, Scientific, and Technical Services",541211,999148931,NY,0
212,"Professional, Scientific, and Technical Services",541940,242881969,MA,0
213,Other Services,812990,268804129,OR,0
214,Other Services,813930,769084093,PR,0
215,Retail Trade,445291,958649447,MN,0
216,Health Care and Social Assistance,621111,229865780,IN,0
217,Information,511210,330370496,SD,0
218,Accommodation and Food Services,722511,851119344,CT,0
219,Management of Companies (Holding Companies),551112,345105752,FL,0
220,Real Estate and Rental and Leasing,531210,793834197,ID,0
221,Accommodation and Food Services,722513,680992178,TX,0
222,Finance and Insurance,523120,553864190,AL,0
223,Health Care and Social Assistance,621111,780231258,TX,0
224,Retail Trade,441110,742844866,TX,0
225,Finance and Insurance,523900,505477142,TX,0
226,Health Care and Social Assistance,621210,507412646,CA,0
227,"Professional, Scientific, and Technical Services",541990,167963110,CA,0
228,Educational Services,611000,115909900,IL,0
229,Construction,238220,758195091,KS,0
230,"Professional, Scientific, and Technical Services",541940,555165845,CO,0
231,Construction,238900,672516242,CA,0
232,"Professional, Scientific, and Technical Services",541990,948239635,CA,0
233,Educational Services,611000,253848276,TX,0
234,"Professional, Scientific, and Technical Services",541800,679433435,CT,0
235,Administrative and Support and Waste Management and Remediation Services,561210,112828496,TN,0
236,"Professional, Scientific, and Technical Services",541110,299903964,NC,0
237,Health Care and Social Assistance,621111,253646047,FL,0
238,"Professional, Scientific, and Technical Services",541990,489361807,IL,0
239,Information,511210,121769994,WA,0
240,Retail Trade,443142,688927789,ND,0
241,"Professional, Scientific, and Technical Services",541511,210830497,RI,0
242,Accommodation and Food Services,722515,650459564,TX,0
243,"Professional, Scientific, and Technical Services",541990,433225798,PA,0
244,Manufacturing,327300,889968254,NY,0
245,Health Care and Social Assistance,621111,894564605,TX,0
246,"Professional, Scientific, and Technical Services",541211,130896523,NJ,0
247,Health Care and Social Assistance,621498,544217632,NY,0
248,Other Services,813000,124981273,GA,0
249,Health Care and Social Assistance,621900,238043921,TX,0
250,Health Care and Social Assistance,621111,695333692,AL,0
251,Retail Trade,453990,689061265,CA,0
252,"Professional, Scientific, and Technical Services",541110,152369802,TN,0
253,Retail Trade,446110,414660970,NY,0
254,Health Care and Social Assistance,621111,845045460,MA,0
255,Construction,238210,406704624,MA,0
256,Real Estate and Rental and Leasing,531390,624800284,NH,0
257,"Professional, Scientific, and Technical Services",541211,697970986,FL,0
258,"Professional, Scientific, and Technical Services",541990,902242462,GA,0
259,Other Services,812990,236397915,PA,0
260,"Arts, Entertainment, and Recreation",713900,788763341,MO,0
261,"Professional, Scientific, and Technical Services",541800,767368560,NY,0
262,"Professional, Scientific, and Technical Services",541990,652707598,NY,0
263,Health Care and Social Assistance,624200,854388105,MD,0
264,Retail Trade,442291,262926232,TX,0
265,Other Services,813000,985349819,NJ,0
266,Health Care and Social Assistance,621210,543648187,AL,0
267,Other Services,812990,499699565,NJ,0
268,Finance and Insurance,524210,686002157,CA,0
269,Manufacturing,321900,694364912,GA,0
270,Construction,238210,932419642,NJ,0
271,Educational Services,611000,242023246,MA,0
272,"Agriculture, Forestry, Fishing and Hunting",113310,631437961,MI,0
273,"Professional, Scientific, and Technical Services",541990,458024363,FL,0
274,Retail Trade,442291,632544381,IN,0
275,Finance and Insurance,524210,797835059,FL,0
276,Retail Trade,442110,757612470,IN,0
277,"Agriculture, Forestry, Fishing and Hunting",115110,761330635,ND,0
278,"Professional, Scientific, and Technical Services",541990,215784707,NJ,0
279,"Professional, Scientific, and Technical Services",541800,771796157,CA,0
280,Wholesale  Trade,423700,429041848,NC,0
281,Other Services,812990,302296556,OR,0
282,Manufacturing,325410,126075405,NJ,0
283,"Professional, Scientific, and Technical Services",541600,489271893,PA,0
284,Health Care and Social Assistance,621310,980018440,NJ,0
285,Health Care and Social Assistance,621210,776880233,VA,0
286,Educational Services,611000,974658495,CA,0
287,Finance and Insurance,525100,216697792,NY,0
288,Accommodation and Food Services,721110,212400768,NY,0
289,Wholesale  Trade,423600,857734399,CA,0
290,"Arts, Entertainment, and Recreation",713900,921605202,PA,0
291,Health Care and Social Assistance,621111,921871014,TX,0
292,"Professional, Scientific, and Technical Services",541990,514628037,NY,0
293,Manufacturing,334110,241691903,OH,0
294,Construction,238220,473377240,NY,0
295,Health Care and Social Assistance,621399,892341019,CA,0
296,Construction,236110,784228777,RI,0
297,Administrative and Support and Waste Management and Remediation Services,561300,498608466,CA,0
298,"Professional, Scientific, and Technical Services",541519,416102718,NC,0
299,Retail Trade,453990,658498269,NC,0
300,Retail Trade,448130,626907195,MA,0
301,Other Services,812190,389250791,TX,0
302,Construction,238210,576252504,FL,0
303,Information,511190,536774314,IL,0
304,Administrative and Support and Waste Management and Remediation Services,561110,794379634,WA,0
305,Finance and Insurance,524290,860565020,IN,0
306,Construction,238220,207328671,NY,0
307,Retail Trade,441210,790519407,NV,0
308,Health Care and Social Assistance,621111,865001101,FL,0
309,Health Care and Social Assistance,621610,656424655,OH,0
310,Real Estate and Rental and Leasing,531390,486208941,VA,0
311,Construction,236200,416485932,FL,0
312,"Professional, Scientific, and Technical Services",541700,638192451,CA,0
313,Transportation and Warehousing,488510,600628330,NC,0
314,"Professional, Scientific, and Technical Services",541990,561167072,MD,0
315,Retail Trade,453210,933340655,CA,0
316,Accommodation and Food Services,721210,972426037,TX,0
317,"Professional, Scientific, and Technical Services",541211,692679321,NY,0
318,Other Services,813000,842213528,TX,0
319,Wholesale  Trade,424300,544106482,NY,0
320,Health Care and Social Assistance,621610,192982109,VA,0
321,"Professional, Scientific, and Technical Services",541600,566421299,AR,0
322,Real Estate and Rental and Leasing,531120,769245313,TX,0
323,Construction,238220,264665666,CA,0
324,Other Services,812310,329147355,TX,0
325,Retail Trade,441210,688128771,CA,0
326,Construction,238900,557545555,CA,0
327,Health Care and Social Assistance,623000,229784475,OH,0
328,Transportation and Warehousing,484110,155235409,NH,0
329,Retail Trade,454310,370558682,CT,0
330,Other Services,812990,914210190,MA,0
331,Health Care and Social Assistance,621111,979951675,TX,0
332,Other Services,812990,822473060,CT,0
333,Other Services,813000,699577768,NY,0
334,Administrative and Support and Waste Management and Remediation Services,561790,921696085,HI,0
335,Health Care and Social Assistance,621210,231074106,OH,0
336,Construction,236110,218609758,PA,0
337,Finance and Insurance,523900,816255337,NY,0
338,Construction,238300,214292387,CO,0
339,Health Care and Social Assistance,621210,237029769,IN,0
340,Manufacturing,326100,220651673,OH,0
341,Health Care and Social Assistance,621610,296102345,TX,0
342,Health Care and Social Assistance,624410,882390440,CA,0
343,Finance and Insurance,523900,355567318,TX,0
344,"Professional, Scientific, and Technical Services",541190,492518353,FL,0
345,Finance and Insurance,522110,997453533,MN,0
346,Health Care and Social Assistance,624100,461675686,FL,0
347,Health Care and Social Assistance,621111,375174624,CA,0
348,Other Services,811490,733990076,MA,0
349,Other Services,812990,416345594,WA,0
350,Construction,238100,252573981,IL,0
351,Retail Trade,446110,639631459,MD,0
352,Accommodation and Food Services,722300,832892607,GA,0
353,"Professional, Scientific, and Technical Services",541110,906670237,MD,0
354,Wholesale  Trade,424700,655141936,ID,0
355,Health Care and Social Assistance,621210,291269129,CA,0
356,"Professional, Scientific, and Technical Services",541110,556761633,NY,0
357,Manufacturing,339110,773558000,GA,0
358,"Professional, Scientific, and Technical Services",541990,946304950,VA,0
359,Health Care and Social Assistance,621210,595810886,KS,0
360,Manufacturing,311800,121976592,CA,0
361,"Professional, Scientific, and Technical Services",541110,737270442,NJ,0
362,Information,518210,486770758,UT,0
363,Other Services,812990,196298535,VA,0
364,Health Care and Social Assistance,622000,872362695,TX,0
365,Construction,236200,547614918,UT,0
366,Construction,238100,207072222,NJ,0
367,Finance and Insurance,524210,847238640,FL,0
368,Retail Trade,445230,843369402,FL,0
369,Finance and Insurance,525920,848078474,TX,0
370,Manufacturing,335900,677711532,CA,0
371,Administrative and Support and Waste Management and Remediation Services,561720,748982519,MD,0
372,Administrative and Support and Waste Management and Remediation Services,561740,319350540,IL,0
373,Other Services,813000,466433038,NY,0
374,"Professional, Scientific, and Technical Services",541511,913414120,IN,0
375,Construction,236110,587009801,SC,0
376,Health Care and Social Assistance,621210,162955737,TX,0
377,Wholesale  Trade,423990,452718229,FL,0
378,"Professional, Scientific, and Technical Services",541110,870163573,MA,0
379,Finance and Insurance,523900,663287824,NY,0
380,"Professional, Scientific, and Technical Services",541940,313361311,NJ,0
381,Educational Services,611000,710181353,MI,0
382,"Professional, Scientific, and Technical Services",541990,947375304,AZ,0
383,Manufacturing,339900,783863266,CA,0
384,"Professional, Scientific, and Technical Services",541511,513795989,AL,0
385,Administrative and Support and Waste Management and Remediation Services,561740,886939136,OH,0
386,"Agriculture, Forestry, Fishing and Hunting",112111,169206625,CA,0
387,"Arts, Entertainment, and Recreation",711210,600335270,CT,0
388,"Professional, Scientific, and Technical Services",541110,283078781,NC,0
389,"Professional, Scientific, and Technical Services",541511,967546833,FL,0
390,Information,517000,179259704,IL,0
391,Retail Trade,454110,594372536,PA,0
392,"Professional, Scientific, and Technical Services",541110,339528548,NE,0
393,Health Care and Social Assistance,621111,998399555,CA,0
394,"Professional, Scientific, and Technical Services",541110,963335584,MN,0
395,"Professional, Scientific, and Technical Services",541110,971162664,CA,0
396,Manufacturing,314000,424193298,OH,0
397,"Arts, Entertainment, and Recreation",711510,252096708,NY,0
398,Other Services,812990,954733570,CA,0
399,"Professional, Scientific, and Technical Services",541700,394387778,TX,0
400,Accommodation and Food Services,721110,998322189,CT,0
401,Finance and Insurance,522300,789249903,CA,0
402,Manufacturing,333200,854367447,MO,0
403,Health Care and Social Assistance,621498,172105155,PA,0
404,Health Care and Social Assistance,621111,488853196,MS,0
405,Health Care and Social Assistance,621111,656512178,VA,0
406,Other Services,812990,158358200,CA,0
407,Real Estate and Rental and Leasing,531310,313122616,CA,0
408,"Professional, Scientific, and Technical Services",541800,387641867,NY,0
409,Other Services,813000,463299205,PA,0
410,Construction,238900,244313725,HI,0
411,Other Services,812990,546110212,NY,0
412,Health Care and Social Assistance,624100,570311522,CA,0
413,"Professional, Scientific, and Technical Services",541990,411352372,NJ,0
414,"Professional, Scientific, and Technical Services",541600,621617412,PA,0
415,Health Care and Social Assistance,622000,316489182,MI,0
416,"Professional, Scientific, and Technical Services",541990,896617179,NJ,0
417,Construction,238100,802746377,MD,0
418,Construction,238900,510767789,LA,0
419,Transportation and Warehousing,484120,825129415,GA,0
420,Wholesale  Trade,423990,812859116,NJ,0
421,Health Care and Social Assistance,621210,658093926,NY,0
422,Other Services,811120,714838139,NJ,0
423,Other Services,813000,467048200,VA,0
424,Information,519100,448579134,NC,0
425,"Professional, Scientific, and Technical Services",541990,767451857,NY,0
426,Construction,238300,207901600,TX,0
427,Real Estate and Rental and Leasing,531110,241075992,MA,0
428,Retail Trade,445299,128373826,WA,0
429,Health Care and Social Assistance,624310,115737429,KS,0
430,Wholesale  Trade,423990,507938741,OH,0
431,Health Care and Social Assistance,621210,864194465,NY,0
432,"Professional, Scientific, and Technical Services",541330,818624008,TX,0
433,Transportation and Warehousing,488990,358175776,IL,0
434,Finance and Insurance,524210,821565278,AZ,0
435,"Arts, Entertainment, and Recreation",713900,347641358,CO,0
436,"Professional, Scientific, and Technical Services",541350,579350575,PR,0
437,"Professional, Scientific, and Technical Services",541110,415101592,CT,0
438,Accommodation and Food Services,722300,402716006,MO,0
439,Health Care and Social Assistance,621210,615421273,NY,0
440,"Professional, Scientific, and Technical Services",541600,876816231,CA,0
441,"Professional, Scientific, and Technical Services",541110,926732788,OK,0
442,Transportation and Warehousing,484120,787789974,TX,0
443,Manufacturing,339900,396209697,NY,0
444,Manufacturing,339900,473566507,FL,0
445,Other Services,812112,438653355,NJ,0
446,"Professional, Scientific, and Technical Services",541600,408455664,DE,0
447,"Professional, Scientific, and Technical Services",541512,555735261,NJ,0
448,"Professional, Scientific, and Technical Services",541110,471109615,NJ,0
449,Construction,236200,597143983,CA,0
450,Retail Trade,441300,749373336,CA,0
451,Other Services,812990,314404340,CA,0
452,"Professional, Scientific, and Technical Services",541990,559192286,PA,0
453,Other Services,813930,166656164,CA,0
454,Health Care and Social Assistance,621210,276776361,CA,0
455,Health Care and Social Assistance,621111,397586626,AZ,0
456,Health Care and Social Assistance,624200,894836418,OR,0
457,Educational Services,611000,126272982,PA,0
458,Health Care and Social Assistance,621111,806564523,IN,0
459,Health Care and Social Assistance,621510,788232633,UT,0
460,Other Services,813000,816972604,IN,0
461,Manufacturing,311900,695344389,TX,0
462,Real Estate and Rental and Leasing,531210,880817422,CA,0
463,"Professional, Scientific, and Technical Services",541110,211445575,NJ,0
464,Manufacturing,326200,782232368,NJ,0
465,Accommodation and Food Services,722300,224041548,CA,0
466,Health Care and Social Assistance,621330,245970761,CA,0
467,Retail Trade,441110,394209963,GA,0
468,"Professional, Scientific, and Technical Services",541519,433468001,PA,0
469,"Professional, Scientific, and Technical Services",541211,955843982,MA,0
470,"Professional, Scientific, and Technical Services",541940,813253207,WA,0
471,Health Care and Social Assistance,624100,148064466,AL,0
472,Other Services,812112,140412436,NC,0
473,"Professional, Scientific, and Technical Services",541990,835537496,CA,0
474,"Professional, Scientific, and Technical Services",541600,595584506,CA,0
475,Construction,238220,499537375,NY,0
476,"Professional, Scientific, and Technical Services",541110,447092552,IL,0
477,Health Care and Social Assistance,621210,947515124,TN,0
478,"Professional, Scientific, and Technical Services",541940,756775962,MI,0
479,Manufacturing,321900,189952362,NY,0
480,"Professional, Scientific, and Technical Services",541310,343365601,OH,0
481,"Professional, Scientific, and Technical Services",541211,400010396,CA,0
482,Administrative and Support and Waste Management and Remediation Services,561420,483484847,OR,0
483,No Classification,999999,224044467,PR,0
484,Manufacturing,335900,681304547,OH,0
485,Health Care and Social Assistance,624100,363908555,FL,0
486,Other Services,812990,623421614,FL,0
487,Retail Trade,441110,503840544,MI,0
488,Finance and Insurance,523900,731628143,NY,0
489,Retail Trade,443142,309442785,MI,0
490,Retail Trade,445210,825914793,NY,0
491,"Professional, Scientific, and Technical Services",541330,903037086,TX,0
492,"Professional, Scientific, and Technical Services",541110,886585861,NY,0
493,Other Services,812990,610541945,FL,0
494,Other Services,812990,381334706,CA,0
495,"Professional, Scientific, and Technical Services",541512,201545812,IN,0
496,Mining,213110,628922675,WV,0
497,Real Estate and Rental and Leasing,531310,544803275,IA,0
498,"Professional, Scientific, and Technical Services",541513,842843907,NC,0
499,Finance and Insurance,524210,700053022,NC,0
500,Health Care and Social Assistance,621210,605625949,NY,0
501,Manufacturing,333900,387574182,MN,0
502,Health Care and Social Assistance,621111,376009175,NJ,0
503,"Professional, Scientific, and Technical Services",541990,231821138,NJ,0
504,Information,517000,703578295,CA,0
505,Transportation and Warehousing,483000,696595314,AZ,0
506,Retail Trade,441110,673782779,NY,0
507,Other Services,813000,268574272,FL,0
508,Construction,238900,713603457,WA,0
509,"Professional, Scientific, and Technical Services",541990,148582753,PA,0
510,"Professional, Scientific, and Technical Services",541990,602302453,FL,0
511,Wholesale  Trade,425120,692177213,UT,0
512,Other Services,811210,375560096,NJ,0
513,"Professional, Scientific, and Technical Services",541110,945387415,LA,0
514,Accommodation and Food Services,722300,829320552,TN,0
515,Manufacturing,333900,623157418,IL,0
516,Retail Trade,444190,472523419,OH,0
517,"Professional, Scientific, and Technical Services",541990,276969073,MO,0
518,Health Care and Social Assistance,621410,836950178,CA,0
519,Health Care and Social Assistance,621111,543277700,CA,0
520,"Professional, Scientific, and Technical Services",541990,256479547,CA,0
521,Wholesale  Trade,424400,108254823,NJ,0
522,Accommodation and Food Services,722513,945709361,TX,0
523,Transportation and Warehousing,484120,739038699,NJ,0
524,"Professional, Scientific, and Technical Services",541990,116102234,CA,0
525,"Professional, Scientific, and Technical Services",541600,356931783,CA,0
526,Finance and Insurance,522300,392096705,WA,0
527,Wholesale  Trade,423990,522499397,NC,0
528,Manufacturing,333100,273840260,WA,0
529,Manufacturing,339900,483200826,CA,0
530,Health Care and Social Assistance,621498,305688654,MD,0
531,Health Care and Social Assistance,621111,148383643,TX,0
532,Other Services,811190,761091383,KY,0
533,"Professional, Scientific, and Technical Services",541990,493636535,DC,0
534,Health Care and Social Assistance,621330,470892347,IL,0
535,Health Care and Social Assistance,621210,981989196,NJ,0
536,Finance and Insurance,523900,841519748,IL,0
537,Other Services,813000,136547961,DC,0
538,Construction,238900,518562276,LA,0
539,Construction,238300,609559983,NV,0
540,"Professional, Scientific, and Technical Services",541990,114532242,CT,0
541,Wholesale  Trade,424990,720368926,CT,0
542,Finance and Insurance,523900,769412539,IL,0
543,Retail Trade,446110,221700444,AR,0
544,Finance and Insurance,523900,631834984,IL,0
545,Accommodation and Food Services,722511,192234201,CA,0
546,Health Care and Social Assistance,621111,621562556,TX,0
547,"Arts, Entertainment, and Recreation",713900,711753787,MD,0
548,Retail Trade,448310,767544746,CA,0
549,"Professional, Scientific, and Technical Services",541990,585100604,CA,0
550,Finance and Insurance,522130,912144771,CA,0
551,Health Care and Social Assistance,621210,340529310,NJ,0
552,Wholesale  Trade,423940,594952489,NY,0
553,Finance and Insurance,525990,353120101,FL,0
554,Retail Trade,441228,338874212,DE,0
555,"Professional, Scientific, and Technical Services",541990,120090464,PA,0
556,Other Services,813000,219824083,CO,0
557,Finance and Insurance,523900,519623135,CA,0
558,Other Services,811110,543099112,OH,0
559,Other Services,812990,443442866,PA,0
560,Health Care and Social Assistance,623000,537076742,NJ,0
561,"Professional, Scientific, and Technical Services",541219,609553831,GA,0
562,Wholesale  Trade,423920,900728447,TX,0
563,"Professional, Scientific, and Technical Services",541110,438375595,NY,0
564,Manufacturing,334310,703271753,TX,0
565,Manufacturing,321900,962381459,NC,0
566,"Professional, Scientific, and Technical Services",541110,260896487,NC,0
567,Retail Trade,444110,847541901,GA,0
568,"Agriculture, Forestry, Fishing and Hunting",112112,177383442,VA,0
569,Administrative and Support and Waste Management and Remediation Services,561730,266669824,IL,0
570,"Professional, Scientific, and Technical Services",541990,676232563,CA,0
571,"Professional, Scientific, and Technical Services",541990,639156230,ME,0
572,"Professional, Scientific, and Technical Services",541512,625338282,VA,0
573,Finance and Insurance,523900,370177188,OR,0
574,Accommodation and Food Services,722511,203542775,OR,0
575,Other Services,812990,468960921,RI,0
576,"Professional, Scientific, and Technical Services",541110,631332551,MA,0
577,"Professional, Scientific, and Technical Services",541211,628452518,NH,0
578,Health Care and Social Assistance,621111,234793990,NY,0
579,Construction,237210,602602941,CA,0
580,"Professional, Scientific, and Technical Services",541512,384835139,MO,0
581,Finance and Insurance,522110,368529465,KY,0
582,Retail Trade,454390,396075593,DE,0
583,Accommodation and Food Services,722511,248606530,MA,0
584,Retail Trade,453990,204693116,NJ,0
585,Other Services,813000,797198271,UT,0
586,Health Care and Social Assistance,621111,928739490,CA,0
587,Finance and Insurance,523900,809196760,UT,0
588,Retail Trade,454310,291939166,MO,0
589,Construction,236200,742173950,OH,0
590,Construction,238900,199981159,NY,0
591,"Professional, Scientific, and Technical Services",541800,185237884,FL,0
592,Other Services,811120,726847089,OK,0
593,Finance and Insurance,522110,527048800,IL,0
594,Transportation and Warehousing,492110,114913274,TX,0
595,Construction,238220,581542306,NC,0
596,"Professional, Scientific, and Technical Services",541990,543221604,IN,0
597,"Professional, Scientific, and Technical Services",541512,517725472,WV,0
598,"Professional, Scientific, and Technical Services",541511,194499103,CA,0
599,Manufacturing,323100,140205794,NM,0
600,"Professional, Scientific, and Technical Services",541800,676814836,FL,0
601,Health Care and Social Assistance,621420,168838744,AZ,0
602,Construction,236110,798299742,FL,0
603,"Professional, Scientific, and Technical Services",541600,802407622,SC,0
604,Information,511210,634490577,FL,0
605,Manufacturing,323100,423005731,TX,0
606,"Professional, Scientific, and Technical Services",541700,241038320,NJ,0
607,Other Services,813000,670887640,PA,0
608,"Professional, Scientific, and Technical Services",541990,738533948,MA,0
609,"Agriculture, Forestry, Fishing and Hunting",112112,248756394,NE,0
610,Construction,236110,294469083,CA,0
611,Real Estate and Rental and Leasing,531390,774491258,CA,0
612,"Arts, Entertainment, and Recreation",713900,533970939,CO,0
613,Other Services,812990,777822767,GA,0
614,Manufacturing,324120,984860431,MA,0
615,"Professional, Scientific, and Technical Services",541213,783586795,FL,0
616,Administrative and Support and Waste Management and Remediation Services,561430,211538332,MO,0
617,"Professional, Scientific, and Technical Services",541990,276923631,CA,0
618,Health Care and Social Assistance,621111,183260310,NY,0
619,"Professional, Scientific, and Technical Services",541990,133985440,CA,0
620,Information,512100,258160036,CA,0
621,Other Services,812220,997152559,WI,0
622,Manufacturing,322200,921356188,IL,0
623,"Professional, Scientific, and Technical Services",541700,652163716,IL,0
624,Health Care and Social Assistance,621210,457619920,IL,0
625,Other Services,811210,636589050,NV,0
626,"Professional, Scientific, and Technical Services",541600,252550648,CA,0
627,Health Care and Social Assistance,621340,469060049,CA,0
628,"Professional, Scientific, and Technical Services",541400,842088348,UT,0
629,Manufacturing,332300,856260900,MS,0
630,Finance and Insurance,522110,977007206,AL,0
631,"Professional, Scientific, and Technical Services",541940,800353243,AZ,0
632,"Professional, Scientific, and Technical Services",541400,823270046,LA,0
633,Transportation and Warehousing,484120,155565312,IA,0
634,Real Estate and Rental and Leasing,531310,991675861,IL,0
635,Administrative and Support and Waste Management and Remediation Services,562000,596196076,PR,0
636,Other Services,812990,988131720,FL,0
637,"Professional, Scientific, and Technical Services",541110,465846713,TX,0
638,Health Care and Social Assistance,621111,913796645,NC,0
639,"Professional, Scientific, and Technical Services",541110,455978649,GA,0
640,Health Care and Social Assistance,621610,766973287,NC,0
641,Health Care and Social Assistance,621210,231539716,NC,0
642,Manufacturing,332900,697553918,WI,0
643,Accommodation and Food Services,721110,740962769,OR,0
644,Health Care and Social Assistance,621111,210874885,GA,0
645,"Professional, Scientific, and Technical Services",541211,701383573,FL,0
646,Health Care and Social Assistance,621210,516591897,FL,0
647,Wholesale  Trade,424990,124426004,CA,0
648,Other Services,811120,899408367,CT,0
649,Management of Companies (Holding Companies),551112,957489436,AZ,0
650,Health Care and Social Assistance,621492,794209309,GA,0
651,"Professional, Scientific, and Technical Services",541700,708658192,NY,0
652,Other Services,811110,485513163,TX,0
653,Administrative and Support and Waste Management and Remediation Services,562000,242311597,CA,0
654,Administrative and Support and Waste Management and Remediation Services,561500,132723998,LA,0
655,Other Services,812990,256431248,RI,0
656,Health Care and Social Assistance,621900,501079331,CA,0
657,"Professional, Scientific, and Technical Services",541110,820182153,CO,0
658,"Professional, Scientific, and Technical Services",541800,356121414,VA,0
659,Real Estate and Rental and Leasing,531310,709640667,PA,0
660,Manufacturing,326100,940616093,OH,0
661,Construction,238900,491896728,PA,0
662,Administrative and Support and Waste Management and Remediation Services,561730,230967633,NY,0
663,"Professional, Scientific, and Technical Services",541211,698666366,NY,0
664,Health Care and Social Assistance,621210,721458640,MO,0
665,Health Care and Social Assistance,621210,859790979,CA,0
666,Information,517000,127281290,CA,0
667,Transportation and Warehousing,483000,877766648,NY,0
668,Finance and Insurance,522110,935468062,SC,0
669,Health Care and Social Assistance,621111,684240305,PR,0
670,Information,518210,253115838,MN,0
671,Other Services,812990,504824136,MN,0
672,Administrative and Support and Waste Management and Remediation Services,561720,934342714,KS,0
673,Other Services,812990,668360557,FL,0
674,"Professional, Scientific, and Technical Services",541211,108635973,OR,0
675,Construction,237990,858246480,CO,0
676,Construction,238100,113229208,CA,0
677,"Professional, Scientific, and Technical Services",541800,797446003,TX,0
678,Construction,238220,760131863,MA,0
679,Manufacturing,334200,891698438,CA,0
680,Finance and Insurance,522130,395435161,PA,0
681,Educational Services,611000,559204988,MS,0
682,Health Care and Social Assistance,621111,818312665,MD,0
683,Wholesale  Trade,424800,500803348,MA,0
684,"Professional, Scientific, and Technical Services",541330,189995306,VA,0
685,Manufacturing,332900,828697555,NC,0
686,Health Care and Social Assistance,624200,433436891,LA,0
687,Wholesale  Trade,424990,844045202,CA,0
688,"Professional, Scientific, and Technical Services",541990,602929653,NJ,0
689,"Professional, Scientific, and Technical Services",541600,870249575,CA,0
690,Wholesale  Trade,423990,128381171,OR,0
691,Transportation and Warehousing,484110,704270532,MI,0
692,Real Estate and Rental and Leasing,531310,996635378,NJ,0
693,Health Care and Social Assistance,621210,290419836,NY,0
694,"Professional, Scientific, and Technical Services",541219,904756335,NY,0
695,Wholesale  Trade,424700,981618048,WY,0
696,Transportation and Warehousing,488510,480276970,IL,0
697,"Professional, Scientific, and Technical Services",541990,580360711,NY,0
698,Retail Trade,445110,276915063,OH,0
699,Construction,238210,829684124,SC,0
700,Construction,238300,876546294,NC,0
701,Manufacturing,339900,772616659,WI,0
702,Construction,238210,130723288,AZ,0
703,Finance and Insurance,524210,122056689,FL,0
704,Manufacturing,311400,527950863,CT,0
705,"Professional, Scientific, and Technical Services",541990,103949485,NJ,0
706,Wholesale  Trade,424400,458590995,IL,0
707,"Professional, Scientific, and Technical Services",541110,478160089,NV,0
708,Other Services,811490,728195918,MI,0
709,"Professional, Scientific, and Technical Services",541800,274506369,TX,0
710,Wholesale  Trade,423800,183638357,MN,0
711,"Professional, Scientific, and Technical Services",541511,599800112,CA,0
712,Construction,236110,610821801,AL,0
713,Finance and Insurance,524210,557917243,MO,0
714,"Professional, Scientific, and Technical Services",541990,409581059,CO,0
715,Construction,238220,203449633,AL,0
716,Other Services,813000,214413398,CA,0
717,Wholesale  Trade,423990,272531135,CA,0
718,"Professional, Scientific, and Technical Services",541700,138293946,MA,0
719,Health Care and Social Assistance,621610,127241932,CT,0
720,Other Services,812111,339095688,MS,0
721,Administrative and Support and Waste Management and Remediation Services,561790,177052122,CA,0
722,Other Services,812990,322591708,CA,0
723,"Professional, Scientific, and Technical Services",541110,984955205,NY,0
724,Construction,236200,998993029,CA,0
725,Construction,238210,584487387,MA,0
726,Accommodation and Food Services,721199,709447320,OR,0
727,"Professional, Scientific, and Technical Services",541214,207470427,OH,0
728,Transportation and Warehousing,481000,898637357,WA,0
729,"Professional, Scientific, and Technical Services",541330,974253536,FL,0
730,Construction,238900,548626109,AZ,0
731,Wholesale  Trade,423600,329813110,FL,0
732,Wholesale  Trade,423100,131931613,CA,0
733,Health Care and Social Assistance,621210,205271742,LA,0
734,Health Care and Social Assistance,622000,886907582,WV,0
735,"Professional, Scientific, and Technical Services",541330,105025355,CA,0
736,Health Care and Social Assistance,621420,318698305,OH,0
737,Manufacturing,311200,567187717,OR,0
738,"Arts, Entertainment, and Recreation",712100,626984768,TN,0
739,Construction,237310,407485920,CO,0
740,Real Estate and Rental and Leasing,531390,959473787,CA,0
741,"Professional, Scientific, and Technical Services",541211,312712902,UT,0
742,Manufacturing,337000,391921670,NY,0
743,Construction,238900,216891130,CA,0
744,Administrative and Support and Waste Management and Remediation Services,561110,568358065,MI,0
745,Wholesale  Trade,424210,866638308,CA,0
746,Finance and Insurance,523110,897370438,MN,0
747,Health Care and Social Assistance,621210,918436198,GA,0
748,Construction,236110,194275229,OH,0
749,"Professional, Scientific, and Technical Services",541990,344537045,VA,0
750,Retail Trade,454210,407470289,TN,0
751,Health Care and Social Assistance,621210,979052161,CA,0
752,Other Services,812990,423757627,MA,0
753,"Professional, Scientific, and Technical Services",541211,660496675,MI,0
754,Construction,238220,518208571,UT,0
755,Educational Services,611000,810926537,MN,0
756,Health Care and Social Assistance,621112,862816396,IL,0
757,"Professional, Scientific, and Technical Services",541211,753959707,FL,0
758,Health Care and Social Assistance,621210,990966948,FL,0
759,"Professional, Scientific, and Technical Services",541190,431350221,NY,0
760,Other Services,811410,100697211,OH,0
761,Administrative and Support and Waste Management and Remediation Services,561720,438011065,NE,0
762,Administrative and Support and Waste Management and Remediation Services,561110,676268520,GA,0
763,"Professional, Scientific, and Technical Services",541990,274982648,NY,0
764,Other Services,812112,848531139,KY,0
765,"Professional, Scientific, and Technical Services",541600,308042192,OH,0
766,Finance and Insurance,523900,248233826,CA,0
767,Construction,238300,188135063,CO,0
768,"Professional, Scientific, and Technical Services",541211,941324014,FL,0
769,Construction,238300,270175837,NY,0
770,Manufacturing,334310,607605349,CA,0
771,Transportation and Warehousing,488300,126466382,ME,0
772,Other Services,812320,970345561,MA,0
773,"Professional, Scientific, and Technical Services",541519,261636872,CA,0
774,Educational Services,611000,698515262,DC,0
775,"Professional, Scientific, and Technical Services",541600,276660375,WA,0
776,"Professional, Scientific, and Technical Services",541110,650891720,TX,0
777,Finance and Insurance,525100,275127258,TX,0
778,No Classification,999999,574410861,NJ,0
779,Health Care and Social Assistance,621610,245448500,FL,0
780,Wholesale  Trade,423910,598571637,NY,0
781,Manufacturing,332900,889887572,KS,0
782,"Professional, Scientific, and Technical Services",541600,529248731,TX,0
783,"Professional, Scientific, and Technical Services",541511,468441554,CA,0
784,Construction,238300,785380566,NY,0
785,Accommodation and Food Services,722513,877546734,IN,0
786,Manufacturing,326100,844969536,TN,0
787,Manufacturing,334500,967863182,CA,0
788,Real Estate and Rental and Leasing,531390,530572813,CA,0
789,"Professional, Scientific, and Technical Services",541340,168938228,AZ,0
790,Finance and Insurance,523900,827042019,NM,0
791,Accommodation and Food Services,722513,284411038,UT,0
792,Accommodation and Food Services,722513,821103328,MO,0
793,"Professional, Scientific, and Technical Services",541600,440902686,NC,0
794,Health Care and Social Assistance,621111,743414252,GA,0
795,Accommodation and Food Services,722511,342979476,CA,0
796,Other Services,813000,162983704,CA,0
797,Retail Trade,453990,209666055,NJ,0
798,Retail Trade,443142,213489887,PA,0
799,"Professional, Scientific, and Technical Services",541990,541480081,MA,0
800,Accommodation and Food Services,722511,875138517,SC,0
801,"Professional, Scientific, and Technical Services",541213,425423339,ME,0
802,Manufacturing,334110,889733567,AZ,0
803,"Professional, Scientific, and Technical Services",541600,412806427,PA,0
804,Health Care and Social Assistance,621320,821381619,MT,0
805,Construction,238100,954675857,GA,0
806,"Professional, Scientific, and Technical Services",541940,354550810,PA,0
807,"Professional, Scientific, and Technical Services",541990,488497315,WA,0
808,Health Care and Social Assistance,621111,696956562,NV,0
809,Real Estate and Rental and Leasing,531210,804164151,WA,0
810,"Professional, Scientific, and Technical Services",541990,197691774,NH,0
811,"Professional, Scientific, and Technical Services",541110,104582164,NY,0
812,Administrative and Support and Waste Management and Remediation Services,561720,898355734,CA,0
813,"Agriculture, Forestry, Fishing and Hunting",111100,275705223,AL,0
814,Construction,238220,332961460,IA,0
815,Construction,238210,681463349,CT,0
816,Health Care and Social Assistance,621210,198476043,CA,0
817,Manufacturing,336990,121274199,MA,0
818,Health Care and Social Assistance,621111,829377309,NJ,0
819,"Professional, Scientific, and Technical Services",541600,817854004,CA,0
820,Information,511210,500217291,NJ,0
821,Wholesale  Trade,424400,551794631,CA,0
822,Construction,238900,444276534,WI,0
823,Other Services,812990,443668444,NJ,0
824,"Professional, Scientific, and Technical Services",541310,113369540,FL,0
825,"Professional, Scientific, and Technical Services",541990,619394832,CT,0
826,Administrative and Support and Waste Management and Remediation Services,561300,679984441,FL,0
827,Health Care and Social Assistance,621210,248729431,NC,0
828,Construction,236200,580873155,IA,0
829,Construction,238220,890148008,VT,0
830,Finance and Insurance,524210,499021221,TX,0
831,Manufacturing,336510,728684805,IN,0
832,"Professional, Scientific, and Technical Services",541990,510883852,CA,0
833,Finance and Insurance,523900,200703470,IL,0
834,Transportation and Warehousing,488990,439547349,MD,0
835,Manufacturing,333100,466614028,WI,0
836,Other Services,813000,762212265,CO,0
837,Wholesale  Trade,424990,759442222,NY,0
838,"Professional, Scientific, and Technical Services",541110,100486419,MI,0
839,Construction,238900,616345690,CA,0
840,"Professional, Scientific, and Technical Services",541310,990593573,NY,0
841,Finance and Insurance,523900,626147758,NY,0
842,Retail Trade,446110,544137172,WV,0
843,Retail Trade,441110,446256483,WA,0
844,"Professional, Scientific, and Technical Services",541990,151081493,CA,0
845,"Professional, Scientific, and Technical Services",541511,956227221,IL,0
846,Accommodation and Food Services,722300,112097890,VT,0
847,"Professional, Scientific, and Technical Services",541511,524669679,FL,0
848,"Professional, Scientific, and Technical Services",541400,416799085,NC,0
849,"Arts, Entertainment, and Recreation",711210,415599225,VA,0
850,Retail Trade,444130,687534857,NH,0
851,Other Services,813000,124941812,MO,0
852,Real Estate and Rental and Leasing,533110,604155015,WI,0
853,"Professional, Scientific, and Technical Services",541211,429459596,TX,0
854,Manufacturing,332400,294580951,OH,0
855,"Professional, Scientific, and Technical Services",541600,473225253,NY,0
856,Manufacturing,332900,768199981,CT,0
857,Educational Services,611000,404882898,CO,0
858,"Professional, Scientific, and Technical Services",541990,163885389,NH,0
859,Manufacturing,339900,685655642,AR,0
860,"Professional, Scientific, and Technical Services",541600,974762511,MI,0
861,Finance and Insurance,524210,592112557,WI,0
862,Manufacturing,332210,543174767,IL,0
863,Construction,236110,983549307,CA,0
864,Retail Trade,444110,546261354,WI,0
865,"Professional, Scientific, and Technical Services",541990,499303029,FL,0
866,Finance and Insurance,522298,253905750,NY,0
867,Finance and Insurance,523900,526190941,SC,0
868,Health Care and Social Assistance,621210,494127037,OH,0
869,"Professional, Scientific, and Technical Services",541990,982847448,FL,0
870,"Professional, Scientific, and Technical Services",541512,688678641,SC,0
871,Real Estate and Rental and Leasing,531310,691128420,CA,0
872,Wholesale  Trade,424940,580882639,NY,0
873,Construction,238220,611308307,CA,0
874,Manufacturing,335100,294684148,KS,0
875,"Professional, Scientific, and Technical Services",541211,387950214,CA,0
876,"Professional, Scientific, and Technical Services",541330,389301384,VA,0
877,Other Services,812990,385830776,MA,0
878,Wholesale  Trade,423700,358458927,NJ,0
879,Finance and Insurance,524210,676729628,MI,0
880,Administrative and Support and Waste Management and Remediation Services,561210,270801083,NC,0
881,Finance and Insurance,525100,303766188,CT,0
882,Health Care and Social Assistance,621111,651023640,AZ,0
883,Other Services,812210,603820405,IL,0
884,Construction,238900,487762249,MD,0
885,Administrative and Support and Waste Management and Remediation Services,561490,783072848,FL,0
886,Health Care and Social Assistance,624200,405695641,NJ,0
887,Other Services,812990,990392089,CA,0
888,Health Care and Social Assistance,621210,421250897,NJ,0
889,Retail Trade,445299,199788592,NY,0
890,Manufacturing,336300,900434745,AR,0
891,Finance and Insurance,524210,589142835,TN,0
892,Health Care and Social Assistance,621111,968911749,OH,0
893,Wholesale  Trade,424990,445303761,TX,0
894,Health Care and Social Assistance,621111,925456631,KY,0
895,"Professional, Scientific, and Technical Services",541511,998380844,TX,0
896,Health Care and Social Assistance,621310,436779382,NY,0
897,"Professional, Scientific, and Technical Services",541110,500946893,NM,0
898,Health Care and Social Assistance,621111,245954317,NY,0
899,Real Estate and Rental and Leasing,532400,300481696,FL,0
900,Health Care and Social Assistance,621498,704004203,OH,0
901,Health Care and Social Assistance,621210,125344800,TX,0
902,Construction,238100,627795458,IL,0
903,Manufacturing,332300,198768006,TN,0
904,"Professional, Scientific, and Technical Services",541600,856878421,FL,0
905,Retail Trade,441110,834323038,MA,0
906,Administrative and Support and Waste Management and Remediation Services,561300,730842311,CA,0
907,Retail Trade,452300,533980673,MI,0
908,"Professional, Scientific, and Technical Services",541400,535588900,WA,0
909,Manufacturing,337000,431245704,GA,0
910,Other Services,812990,272604390,NY,0
911,Retail Trade,454110,461673039,IN,0
912,"Agriculture, Forestry, Fishing and Hunting",111100,803134430,WV,0
913,Health Care and Social Assistance,621111,487219721,HI,0
914,Wholesale  Trade,424940,946415611,FL,0
915,Construction,238900,704007423,CA,0
916,Other Services,812930,544413335,PA,0
917,Finance and Insurance,524210,973935208,OR,0
918,Retail Trade,453990,859425509,CT,0
919,Construction,237310,133259812,OH,0
920,"Professional, Scientific, and Technical Services",541310,463082438,NY,0
921,Finance and Insurance,522291,422889294,GA,0
922,"Professional, Scientific, and Technical Services",541110,328068932,CO,0
923,"Professional, Scientific, and Technical Services",541110,665979511,FL,0
924,"Professional, Scientific, and Technical Services",541519,884068681,MA,0
925,"Professional, Scientific, and Technical Services",541211,498551316,AR,0
926,Administrative and Support and Waste Management and Remediation Services,561110,446084676,IL,0
927,"Professional, Scientific, and Technical Services",541990,149696610,SC,0
928,Health Care and Social Assistance,621610,242881440,AZ,0
929,"Professional, Scientific, and Technical Services",541800,871151482,CA,0
930,"Professional, Scientific, and Technical Services",541519,316841000,CA,0
931,Educational Services,611000,869946638,SC,0
932,Manufacturing,314000,755017580,IA,0
933,Other Services,812111,926580480,SC,0
934,Real Estate and Rental and Leasing,531210,548319359,OH,0
935,"Professional, Scientific, and Technical Services",541600,264628052,CT,0
936,Finance and Insurance,525100,452873152,CA,0
937,Health Care and Social Assistance,621111,613173902,NY,0
938,Manufacturing,332700,884610092,IL,0
939,Finance and Insurance,523900,215926293,OH,0
940,"Professional, Scientific, and Technical Services",541800,228716606,NY,0
941,Construction,238300,159253494,MA,0
942,"Professional, Scientific, and Technical Services",541990,414039806,NY,0
943,Information,517000,520875168,VA,0
944,Health Care and Social Assistance,621320,835895726,NY,0
945,Transportation and Warehousing,484120,805868605,TX,0
946,Health Care and Social Assistance,621210,693190638,WI,0
947,Manufacturing,332110,502291100,OH,0
948,Information,511120,829960573,NY,0
949,"Professional, Scientific, and Technical Services",541110,751435736,NY,0
950,Health Care and Social Assistance,621399,757071388,IL,0
951,"Professional, Scientific, and Technical Services",541700,288704351,MD,0
952,Administrative and Support and Waste Management and Remediation Services,561730,257124723,NE,0
953,Other Services,813000,435256309,NC,0
954,"Professional, Scientific, and Technical Services",541990,432336235,AZ,0
955,Health Care and Social Assistance,621610,623927964,TX,0
956,"Professional, Scientific, and Technical Services",541990,877029381,CA,0
957,Wholesale  Trade,423940,458371130,CA,0
958,"Professional, Scientific, and Technical Services",541511,255339042,GA,0
959,Wholesale  Trade,424400,128117294,WV,0
960,Administrative and Support and Waste Management and Remediation Services,561730,854848790,CO,0
961,Manufacturing,315100,397537500,CA,0
962,"Professional, Scientific, and Technical Services",541600,740043366,NC,0
963,Manufacturing,334310,277591099,CT,0
964,Health Care and Social Assistance,621111,195103521,CA,0
965,"Arts, Entertainment, and Recreation",713900,456368044,PA,0
966,"Professional, Scientific, and Technical Services",541990,544911398,NH,0
967,"Arts, Entertainment, and Recreation",711100,535715425,NY,0
968,"Professional, Scientific, and Technical Services",541110,372911188,MO,0
969,Retail Trade,453930,885443479,CA,0
970,Health Care and Social Assistance,621210,855713044,AR,0
971,Construction,236110,720693525,TX,0
972,"Professional, Scientific, and Technical Services",541600,489369905,NY,0
973,Health Care and Social Assistance,623000,606106691,KY,0
974,Retail Trade,445291,325410393,MA,0
975,"Professional, Scientific, and Technical Services",541110,410309946,VA,0
976,Wholesale  Trade,423800,173630030,WA,0
977,"Professional, Scientific, and Technical Services",541511,112718999,NH,0
978,Health Care and Social Assistance,621111,727265821,WV,0
979,Transportation and Warehousing,483000,529546656,MI,0
980,"Arts, Entertainment, and Recreation",713900,379825682,NY,0
981,Retail Trade,441110,175261033,FL,0
982,Health Care and Social Assistance,621610,449923177,CA,0
983,"Professional, Scientific, and Technical Services",541330,406846160,CA,0
984,Wholesale  Trade,424990,900413155,CA,0
985,Real Estate and Rental and Leasing,532100,157613058,FL,0
986,Information,512100,872391104,CA,0
987,Health Care and Social Assistance,621210,692446453,CA,0
988,Health Care and Social Assistance,621111,130019446,PR,0
989,Finance and Insurance,522110,199371896,TN,0
990,"Professional, Scientific, and Technical Services",541512,270080797,GA,0
991,Manufacturing,339900,793314019,ID,0
992,Finance and Insurance,524290,258053757,PA,0
993,Health Care and Social Assistance,621610,923832690,CA,0
994,"Professional, Scientific, and Technical Services",541700,212835723,MD,0
995,Construction,238210,833931209,VA,0
996,Construction,238220,815901118,TX,0
997,Health Care and Social Assistance,621399,203708044,GA,0
998,Health Care and Social Assistance,621210,143747042,TN,0
999,Other Services,812910,423950995,NC,0
